combo,P3,P6,P7,P8,P9,P10,P13,P16
ABCDEFGH,A,F,C,H,E,B,G,D
ABCDEFGI,A,F,C,I,E,B,G,D
ABCDEFGJ,A,F,C,J,E,B,G,D
ABCDEFGK,A,F,C,K,E,B,G,D
ABCDEFGL,A,F,C,E,L,B,G,D
ABCDEFHI,A,F,C,E,H,B,I,D
ABCDEFHJ,A,F,C,E,H,B,J,D
ABCDEFHK,A,F,C,E,H,B,K,D
ABCDEFHL,A,F,C,E,H,B,L,D
ABCDEFIJ,A,F,C,E,I,B,J,D
ABCDEFIK,A,F,C,E,I,B,K,D
ABCDEFIL,A,F,C,E,I,B,L,D
ABCDEFJK,A,F,C,E,J,B,K,D
ABCDEFJL,A,F,C,E,J,B,L,D
ABCDEFKL,A,F,C,E,K,B,L,D
ABCDEGHI,A,D,C,H,E,B,G,I
ABCDEGHJ,A,D,C,H,E,B,G,J
ABCDEGHK,A,G,C,H,E,B,K,D
ABCDEGHL,A,D,C,E,H,B,G,L
ABCDEGIJ,A,D,C,I,E,B,G,J
ABCDEGIK,A,D,C,K,E,B,G,I
ABCDEGIL,A,D,C,E,I,B,G,L
ABCDEGJK,A,G,C,J,E,B,K,D
ABCDEGJL,A,D,C,E,J,B,G,L
ABCDEGKL,A,G,C,E,K,B,L,D
ABCDEHIJ,A,D,C,H,I,B,E,J
ABCDEHIK,A,D,C,H,K,B,E,I
ABCDEHIL,A,D,C,E,H,B,I,L
ABCDEHJK,A,H,C,E,J,B,K,D
ABCDEHJL,A,D,C,E,H,B,J,L
ABCDEHKL,A,H,C,E,K,B,L,D
ABCDEIJK,A,D,C,J,K,B,E,I
ABCDEIJL,A,D,C,E,J,B,I,L
ABCDEIKL,A,D,C,E,K,B,I,L
ABCDEJKL,A,C,K,E,J,B,L,D
ABCDFGHI,D,F,C,H,A,B,G,I
ABCDFGHJ,D,F,C,H,A,B,G,J
ABCDFGHK,F,G,C,H,A,B,K,D
ABCDFGHL,D,F,C,H,A,B,G,L
ABCDFGIJ,D,F,C,I,A,B,G,J
ABCDFGIK,K,F,C,I,A,B,G,D
ABCDFGIL,D,F,C,I,A,B,G,L
ABCDFGJK,F,G,C,J,A,B,K,D
ABCDFGJL,D,F,C,J,A,B,G,L
ABCDFGKL,D,F,C,K,A,B,G,L
ABCDFHIJ,A,F,C,H,I,B,J,D
ABCDFHIK,A,F,C,H,I,B,K,D
ABCDFHIL,A,F,C,H,I,B,L,D
ABCDFHJK,A,F,C,H,J,B,K,D
ABCDFHJL,A,F,C,H,J,B,L,D
ABCDFHKL,A,F,C,H,K,B,L,D
ABCDFIJK,A,F,C,I,J,B,K,D
ABCDFIJL,A,F,C,I,J,B,L,D
ABCDFIKL,A,F,C,I,K,B,L,D
ABCDFJKL,A,F,C,J,K,B,L,D
ABCDGHIJ,B,D,C,H,A,I,G,J
ABCDGHIK,B,D,C,H,A,K,G,I
ABCDGHIL,B,D,C,H,A,I,G,L
ABCDGHJK,K,G,C,H,A,B,J,D
ABCDGHJL,D,G,C,H,A,B,J,L
ABCDGHKL,K,G,C,H,A,B,L,D
ABCDGIJK,B,D,C,J,A,K,G,I
ABCDGIJL,B,D,C,I,A,J,G,L
ABCDGIKL,B,D,C,I,A,K,G,L
ABCDGJKL,K,G,C,J,A,B,L,D
ABCDHIJK,A,D,C,H,K,B,I,J
ABCDHIJL,A,D,C,H,J,B,I,L
ABCDHIKL,A,D,C,H,K,B,I,L
ABCDHJKL,A,K,C,H,J,B,L,D
ABCDIJKL,A,D,C,I,K,B,J,L
ABCEFGHI,A,F,C,H,E,B,G,I
ABCEFGHJ,A,G,C,H,E,B,F,J
ABCEFGHK,A,G,C,H,E,B,K,F
ABCEFGHL,A,G,C,E,H,B,F,L
ABCEFGIJ,A,F,C,I,E,B,G,J
ABCEFGIK,A,F,C,K,E,B,G,I
ABCEFGIL,A,F,C,E,I,B,G,L
ABCEFGJK,A,G,C,K,E,B,F,J
ABCEFGJL,A,G,C,E,J,B,F,L
ABCEFGKL,A,G,C,E,K,B,F,L
ABCEFHIJ,A,F,C,H,I,B,E,J
ABCEFHIK,A,F,C,H,K,B,E,I
ABCEFHIL,A,F,C,E,H,B,I,L
ABCEFHJK,A,F,C,H,K,B,E,J
ABCEFHJL,A,H,C,E,J,B,F,L
ABCEFHKL,A,H,C,E,K,B,F,L
ABCEFIJK,A,F,C,J,K,B,E,I
ABCEFIJL,A,F,C,E,J,B,I,L
ABCEFIKL,A,F,C,E,K,B,I,L
ABCEFJKL,A,C,K,E,L,B,F,J
ABCEGHIJ,A,G,C,H,I,B,E,J
ABCEGHIK,A,G,C,H,K,B,E,I
ABCEGHIL,A,G,C,E,H,B,I,L
ABCEGHJK,A,H,C,K,E,B,G,J
ABCEGHJL,A,C,L,E,H,B,G,J
ABCEGHKL,A,C,K,E,H,B,G,L
ABCEGIJK,A,G,C,J,K,B,E,I
ABCEGIJL,A,G,C,E,J,B,I,L
ABCEGIKL,A,G,C,E,K,B,I,L
ABCEGJKL,A,C,K,E,J,B,G,L
ABCEHIJK,A,H,C,J,K,B,E,I
ABCEHIJL,A,H,C,E,J,B,I,L
ABCEHIKL,A,H,C,E,K,B,I,L
ABCEHJKL,A,H,C,E,K,B,J,L
ABCEIJKL,A,C,K,E,L,B,I,J
ABCFGHIJ,B,F,C,H,A,I,G,J
ABCFGHIK,B,F,C,H,A,K,G,I
ABCFGHIL,B,F,C,H,A,I,G,L
ABCFGHJK,B,G,C,H,A,K,F,J
ABCFGHJL,B,G,C,H,A,J,F,L
ABCFGHKL,B,G,C,H,A,K,F,L
ABCFGIJK,B,F,C,J,A,K,G,I
ABCFGIJL,B,F,C,I,A,J,G,L
ABCFGIKL,B,F,C,I,A,K,G,L
ABCFGJKL,B,G,C,J,A,K,F,L
ABCFHIJK,A,F,C,H,K,B,I,J
ABCFHIJL,A,F,C,H,J,B,I,L
ABCFHIKL,A,F,C,H,K,B,I,L
ABCFHJKL,A,K,C,H,L,B,F,J
ABCFIJKL,A,F,C,I,K,B,J,L
ABCGHIJK,A,G,C,H,K,B,I,J
ABCGHIJL,A,G,C,H,J,B,I,L
ABCGHIKL,A,G,C,H,K,B,I,L
ABCGHJKL,B,K,C,H,A,L,G,J
ABCGIJKL,A,G,C,I,K,B,J,L
ABCHIJKL,A,H,C,I,K,B,J,L
ABDEFGHI,A,F,H,I,E,B,G,D
ABDEFGHJ,A,F,H,J,E,B,G,D
ABDEFGHK,A,F,H,K,E,B,G,D
ABDEFGHL,A,F,L,E,H,B,G,D
ABDEFGIJ,A,F,I,J,E,B,G,D
ABDEFGIK,A,F,I,K,E,B,G,D
ABDEFGIL,A,F,L,E,I,B,G,D
ABDEFGJK,A,F,K,J,E,B,G,D
ABDEFGJL,A,F,L,E,J,B,G,D
ABDEFGKL,A,F,K,E,L,B,G,D
ABDEFHIJ,A,F,E,H,I,B,J,D
ABDEFHIK,A,F,E,H,I,B,K,D
ABDEFHIL,A,F,H,E,I,B,L,D
ABDEFHJK,A,F,E,H,J,B,K,D
ABDEFHJL,A,F,H,E,J,B,L,D
ABDEFHKL,A,F,H,E,K,B,L,D
ABDEFIJK,A,F,E,I,J,B,K,D
ABDEFIJL,A,F,I,E,J,B,L,D
ABDEFIKL,A,F,I,E,K,B,L,D
ABDEFJKL,A,F,K,E,J,B,L,D
ABDEGHIJ,A,D,H,I,E,B,G,J
ABDEGHIK,A,D,H,K,E,B,G,I
ABDEGHIL,A,D,I,E,H,B,G,L
ABDEGHJK,A,G,H,J,E,B,K,D
ABDEGHJL,A,D,L,E,H,B,G,J
ABDEGHKL,A,G,K,E,H,B,L,D
ABDEGIJK,A,D,K,J,E,B,G,I
ABDEGIJL,A,D,L,E,I,B,G,J
ABDEGIKL,A,D,K,E,I,B,G,L
ABDEGJKL,A,G,K,E,J,B,L,D
ABDEHIJK,A,D,H,J,K,B,E,I
ABDEHIJL,A,D,H,E,J,B,I,L
ABDEHIKL,A,D,H,E,K,B,I,L
ABDEHJKL,A,H,K,E,J,B,L,D
ABDEIJKL,A,D,K,E,L,B,I,J
ABDFGHIJ,D,F,H,I,A,B,G,J
ABDFGHIK,K,F,H,I,A,B,G,D
ABDFGHIL,D,F,H,I,A,B,G,L
ABDFGHJK,K,G,F,H,A,B,J,D
ABDFGHJL,D,G,F,H,A,B,J,L
ABDFGHKL,K,G,F,H,A,B,L,D
ABDFGIJK,K,F,I,J,A,B,G,D
ABDFGIJL,D,F,I,J,A,B,G,L
ABDFGIKL,D,F,I,K,A,B,G,L
ABDFGJKL,K,G,F,J,A,B,L,D
ABDFHIJK,A,F,H,I,J,B,K,D
ABDFHIJL,A,F,H,I,J,B,L,D
ABDFHIKL,A,F,H,I,K,B,L,D
ABDFHJKL,A,K,F,H,J,B,L,D
ABDFIJKL,A,F,I,J,K,B,L,D
ABDGHIJK,B,D,H,J,A,K,G,I
ABDGHIJL,B,D,H,I,A,J,G,L
ABDGHIKL,B,D,H,I,A,K,G,L
ABDGHJKL,K,G,H,J,A,B,L,D
ABDGIJKL,B,D,I,J,A,K,G,L
ABDHIJKL,A,D,H,I,K,B,J,L
ABEFGHIJ,A,F,H,I,E,B,G,J
ABEFGHIK,A,F,H,K,E,B,G,I
ABEFGHIL,A,F,I,E,H,B,G,L
ABEFGHJK,A,G,H,K,E,B,F,J
ABEFGHJL,A,G,L,E,H,B,F,J
ABEFGHKL,A,G,K,E,H,B,F,L
ABEFGIJK,A,F,K,J,E,B,G,I
ABEFGIJL,A,F,L,E,I,B,G,J
ABEFGIKL,A,F,K,E,I,B,G,L
ABEFGJKL,A,G,K,E,J,B,F,L
ABEFHIJK,A,F,H,J,K,B,E,I
ABEFHIJL,A,F,H,E,J,B,I,L
ABEFHIKL,A,F,H,E,K,B,I,L
ABEFHJKL,A,H,K,E,L,B,F,J
ABEFIJKL,A,F,K,E,L,B,I,J
ABEGHIJK,A,G,H,J,K,B,E,I
ABEGHIJL,A,G,H,E,J,B,I,L
ABEGHIKL,A,G,H,E,K,B,I,L
ABEGHJKL,A,K,L,E,H,B,G,J
ABEGIJKL,A,G,K,E,L,B,I,J
ABEHIJKL,A,H,K,E,L,B,I,J
ABFGHIJK,B,F,H,J,A,K,G,I
ABFGHIJL,B,F,H,I,A,J,G,L
ABFGHIKL,B,F,H,I,A,K,G,L
ABFGHJKL,B,K,F,H,A,L,G,J
ABFGIJKL,B,F,I,J,A,K,G,L
ABFHIJKL,A,F,H,I,K,B,J,L
ABGHIJKL,A,G,H,I,K,B,J,L
ACDEFGHI,A,F,C,H,E,I,G,D
ACDEFGHJ,A,D,C,H,E,F,G,J
ACDEFGHK,A,G,C,H,E,F,K,D
ACDEFGHL,A,D,C,E,H,F,G,L
ACDEFGIJ,A,F,C,J,E,I,G,D
ACDEFGIK,A,F,C,K,E,I,G,D
ACDEFGIL,A,F,C,E,I,L,G,D
ACDEFGJK,A,G,C,J,E,F,K,D
ACDEFGJL,A,D,C,E,J,F,G,L
ACDEFGKL,A,G,C,E,K,F,L,D
ACDEFHIJ,A,F,C,H,I,E,J,D
ACDEFHIK,A,F,C,H,I,E,K,D
ACDEFHIL,A,F,C,E,H,I,L,D
ACDEFHJK,A,F,C,H,J,E,K,D
ACDEFHJL,A,D,C,E,H,F,J,L
ACDEFHKL,A,H,C,E,K,F,L,D
ACDEFIJK,A,F,C,I,J,E,K,D
ACDEFIJL,A,F,C,E,J,I,L,D
ACDEFIKL,A,F,C,E,K,I,L,D
ACDEFJKL,A,C,K,E,J,F,L,D
ACDEGHIJ,A,D,C,H,E,I,G,J
ACDEGHIK,A,D,C,H,E,K,G,I
ACDEGHIL,A,D,C,E,H,I,G,L
ACDEGHJK,A,G,C,H,E,J,K,D
ACDEGHJL,A,D,C,E,H,J,G,L
ACDEGHKL,A,G,C,E,H,K,L,D
ACDEGIJK,A,D,C,J,E,K,G,I
ACDEGIJL,A,D,C,E,I,J,G,L
ACDEGIKL,A,D,C,E,I,K,G,L
ACDEGJKL,A,G,C,E,J,K,L,D
ACDEHIJK,A,D,C,H,I,J,K,E
ACDEHIJL,A,D,C,E,H,I,J,L
ACDEHIKL,A,D,C,E,H,K,L,I
ACDEHJKL,A,H,C,E,K,J,L,D
ACDEIJKL,A,D,C,E,J,K,L,I
ACDFGHIJ,D,F,C,H,A,I,G,J
ACDFGHIK,K,F,C,H,A,I,G,D
ACDFGHIL,D,F,C,H,A,I,G,L
ACDFGHJK,K,G,C,H,A,F,J,D
ACDFGHJL,D,G,C,H,A,F,J,L
ACDFGHKL,K,G,C,H,A,F,L,D
ACDFGIJK,K,F,C,J,A,I,G,D
ACDFGIJL,D,F,C,I,A,J,G,L
ACDFGIKL,K,F,C,I,A,L,G,D
ACDFGJKL,K,G,C,J,A,F,L,D
ACDFHIJK,A,F,C,H,J,I,K,D
ACDFHIJL,A,F,C,H,J,I,L,D
ACDFHIKL,A,F,C,H,K,I,L,D
ACDFHJKL,A,K,C,H,J,F,L,D
ACDFIJKL,A,F,C,I,K,J,L,D
ACDGHIJK,K,D,C,H,A,J,G,I
ACDGHIJL,L,D,C,H,A,I,G,J
ACDGHIKL,K,D,C,H,A,L,G,I
ACDGHJKL,K,G,C,H,A,J,L,D
ACDGIJKL,K,D,C,I,A,L,G,J
ACDHIJKL,A,D,C,H,J,K,L,I
ACEFGHIJ,A,F,C,H,E,I,G,J
ACEFGHIK,A,F,C,H,E,K,G,I
ACEFGHIL,A,F,C,E,H,I,G,L
ACEFGHJK,A,F,C,H,E,K,G,J
ACEFGHJL,A,F,C,E,H,J,G,L
ACEFGHKL,A,F,C,E,H,K,G,L
ACEFGIJK,A,F,C,J,E,K,G,I
ACEFGIJL,A,F,C,E,I,J,G,L
ACEFGIKL,A,F,C,E,I,K,G,L
ACEFGJKL,A,F,C,E,J,K,G,L
ACEFHIJK,A,F,C,H,I,J,K,E
ACEFHIJL,A,F,C,E,H,I,J,L
ACEFHIKL,A,F,C,E,H,K,L,I
ACEFHJKL,A,F,C,E,H,K,L,J
ACEFIJKL,A,F,C,E,J,K,L,I
ACEGHIJK,A,G,C,H,I,J,K,E
ACEGHIJL,A,G,C,E,H,I,J,L
ACEGHIKL,A,G,C,E,H,K,L,I
ACEGHJKL,A,G,C,E,H,K,L,J
ACEGIJKL,A,G,C,E,J,K,L,I
ACEHIJKL,A,H,C,E,J,K,L,I
ACFGHIJK,K,F,C,H,A,J,G,I
ACFGHIJL,L,F,C,H,A,I,G,J
ACFGHIKL,K,F,C,H,A,L,G,I
ACFGHJKL,F,G,C,H,A,K,L,J
ACFGIJKL,K,F,C,I,A,L,G,J
ACFHIJKL,A,F,C,H,J,K,L,I
ACGHIJKL,A,G,C,H,J,K,L,I
ADEFGHIJ,A,F,H,J,E,I,G,D
ADEFGHIK,A,F,H,K,E,I,G,D
ADEFGHIL,A,F,L,E,H,I,G,D
ADEFGHJK,A,G,H,J,E,F,K,D
ADEFGHJL,A,D,L,E,H,F,G,J
ADEFGHKL,A,G,K,E,H,F,L,D
ADEFGIJK,A,F,K,J,E,I,G,D
ADEFGIJL,A,F,L,E,I,J,G,D
ADEFGIKL,A,F,K,E,I,L,G,D
ADEFGJKL,A,G,K,E,J,F,L,D
ADEFHIJK,A,F,H,I,J,E,K,D
ADEFHIJL,A,F,H,E,J,I,L,D
ADEFHIKL,A,F,H,E,K,I,L,D
ADEFHJKL,A,H,K,E,J,F,L,D
ADEFIJKL,A,F,K,E,J,I,L,D
ADEGHIJK,A,D,H,J,E,K,G,I
ADEGHIJL,A,D,I,E,H,J,G,L
ADEGHIKL,A,D,K,E,H,L,G,I
ADEGHJKL,A,G,K,E,H,J,L,D
ADEGIJKL,A,D,K,E,I,L,G,J
ADEHIJKL,A,D,H,E,J,K,L,I
ADFGHIJK,K,F,H,J,A,I,G,D
ADFGHIJL,D,F,H,I,A,J,G,L
ADFGHIKL,K,F,H,I,A,L,G,D
ADFGHJKL,K,G,F,H,A,J,L,D
ADFGIJKL,K,F,I,J,A,L,G,D
ADFHIJKL,A,F,H,I,K,J,L,D
ADGHIJKL,K,D,H,I,A,L,G,J
AEFGHIJK,A,F,H,J,E,K,G,I
AEFGHIJL,A,F,I,E,H,J,G,L
AEFGHIKL,A,F,K,E,H,L,G,I
AEFGHJKL,A,F,K,E,H,L,G,J
AEFGIJKL,A,F,K,E,I,L,G,J
AEFHIJKL,A,F,H,E,J,K,L,I
AEGHIJKL,A,G,H,E,J,K,L,I
AFGHIJKL,K,F,H,I,A,L,G,J
BCDEFGHI,B,F,C,H,E,I,G,D
BCDEFGHJ,B,D,C,H,E,F,G,J
BCDEFGHK,B,G,C,H,E,F,K,D
BCDEFGHL,B,D,C,E,H,F,G,L
BCDEFGIJ,B,F,C,J,E,I,G,D
BCDEFGIK,B,F,C,K,E,I,G,D
BCDEFGIL,B,F,C,E,I,L,G,D
BCDEFGJK,B,G,C,J,E,F,K,D
BCDEFGJL,B,D,C,E,J,F,G,L
BCDEFGKL,B,G,C,E,K,F,L,D
BCDEFHIJ,B,F,C,H,I,E,J,D
BCDEFHIK,B,F,C,H,I,E,K,D
BCDEFHIL,B,F,C,E,H,I,L,D
BCDEFHJK,B,F,C,H,J,E,K,D
BCDEFHJL,B,D,C,E,H,F,J,L
BCDEFHKL,B,H,C,E,K,F,L,D
BCDEFIJK,B,F,C,I,J,E,K,D
BCDEFIJL,B,F,C,E,J,I,L,D
BCDEFIKL,B,F,C,E,K,I,L,D
BCDEFJKL,B,C,K,E,J,F,L,D
BCDEGHIJ,B,D,C,H,E,I,G,J
BCDEGHIK,B,D,C,H,E,K,G,I
BCDEGHIL,B,D,C,E,H,I,G,L
BCDEGHJK,B,G,C,H,E,J,K,D
BCDEGHJL,B,D,C,E,H,J,G,L
BCDEGHKL,B,G,C,E,H,K,L,D
BCDEGIJK,B,D,C,J,E,K,G,I
BCDEGIJL,B,D,C,E,I,J,G,L
BCDEGIKL,B,D,C,E,I,K,G,L
BCDEGJKL,B,G,C,E,J,K,L,D
BCDEHIJK,B,D,C,H,I,J,K,E
BCDEHIJL,B,D,C,E,H,I,J,L
BCDEHIKL,B,D,C,E,H,K,L,I
BCDEHJKL,B,H,C,E,K,J,L,D
BCDEIJKL,B,D,C,E,J,K,L,I
BCDFGHIJ,C,F,I,J,H,B,G,D
BCDFGHIK,C,F,I,K,H,B,G,D
BCDFGHIL,C,F,L,H,I,B,G,D
BCDFGHJK,C,F,K,J,H,B,G,D
BCDFGHJL,C,F,L,H,J,B,G,D
BCDFGHKL,C,F,K,H,L,B,G,D
BCDFGIJK,C,F,K,J,I,B,G,D
BCDFGIJL,C,F,L,I,J,B,G,D
BCDFGIKL,C,F,K,I,L,B,G,D
BCDFGJKL,C,F,K,J,L,B,G,D
BCDFHIJK,C,F,H,I,J,B,K,D
BCDFHIJL,C,F,I,H,J,B,L,D
BCDFHIKL,C,F,I,H,K,B,L,D
BCDFHJKL,C,F,K,H,J,B,L,D
BCDFIJKL,C,F,K,I,J,B,L,D
BCDGHIJK,B,D,C,J,H,K,G,I
BCDGHIJL,B,D,C,H,I,J,G,L
BCDGHIKL,B,D,C,H,I,K,G,L
BCDGHJKL,C,G,K,H,J,B,L,D
BCDGIJKL,B,D,C,I,J,K,G,L
BCDHIJKL,B,D,C,H,K,L,I,J
BCEFGHIJ,B,F,C,H,E,I,G,J
BCEFGHIK,B,F,C,H,E,K,G,I
BCEFGHIL,B,F,C,E,H,I,G,L
BCEFGHJK,B,F,C,H,E,K,G,J
BCEFGHJL,B,F,C,E,H,J,G,L
BCEFGHKL,B,F,C,E,H,K,G,L
BCEFGIJK,B,F,C,J,E,K,G,I
BCEFGIJL,B,F,C,E,I,J,G,L
BCEFGIKL,B,F,C,E,I,K,G,L
BCEFGJKL,B,F,C,E,J,K,G,L
BCEFHIJK,B,F,C,H,I,J,K,E
BCEFHIJL,B,F,C,E,H,I,J,L
BCEFHIKL,B,F,C,E,H,K,L,I
BCEFHJKL,B,F,C,E,H,K,L,J
BCEFIJKL,B,F,C,E,J,K,L,I
BCEGHIJK,B,G,C,H,I,J,K,E
BCEGHIJL,B,G,C,E,H,I,J,L
BCEGHIKL,B,G,C,E,H,K,L,I
BCEGHJKL,B,G,C,E,H,K,L,J
BCEGIJKL,B,G,C,E,J,K,L,I
BCEHIJKL,B,H,C,E,J,K,L,I
BCFGHIJK,B,F,C,J,H,K,G,I
BCFGHIJL,B,F,C,H,I,J,G,L
BCFGHIKL,B,F,C,H,I,K,G,L
BCFGHJKL,B,G,C,H,J,K,F,L
BCFGIJKL,B,F,C,I,J,K,G,L
BCFHIJKL,B,F,C,H,K,L,I,J
BCGHIJKL,B,G,C,H,K,L,I,J
BDEFGHIJ,B,F,H,J,E,I,G,D
BDEFGHIK,B,F,H,K,E,I,G,D
BDEFGHIL,B,F,L,E,H,I,G,D
BDEFGHJK,B,G,H,J,E,F,K,D
BDEFGHJL,B,D,L,E,H,F,G,J
BDEFGHKL,B,G,K,E,H,F,L,D
BDEFGIJK,B,F,K,J,E,I,G,D
BDEFGIJL,B,F,L,E,I,J,G,D
BDEFGIKL,B,F,K,E,I,L,G,D
BDEFGJKL,B,G,K,E,J,F,L,D
BDEFHIJK,B,F,H,I,J,E,K,D
BDEFHIJL,B,F,H,E,J,I,L,D
BDEFHIKL,B,F,H,E,K,I,L,D
BDEFHJKL,B,H,K,E,J,F,L,D
BDEFIJKL,B,F,K,E,J,I,L,D
BDEGHIJK,B,D,H,J,E,K,G,I
BDEGHIJL,B,D,I,E,H,J,G,L
BDEGHIKL,B,D,K,E,H,L,G,I
BDEGHJKL,B,G,K,E,H,J,L,D
BDEGIJKL,B,D,K,E,I,L,G,J
BDEHIJKL,B,D,H,E,J,K,L,I
BDFGHIJK,K,F,I,J,H,B,G,D
BDFGHIJL,D,F,L,H,I,B,G,J
BDFGHIKL,K,F,L,H,I,B,G,D
BDFGHJKL,F,G,K,H,J,B,L,D
BDFGIJKL,K,F,L,I,J,B,G,D
BDFHIJKL,K,F,I,H,J,B,L,D
BDGHIJKL,B,D,K,H,I,L,G,J
BEFGHIJK,B,F,H,J,E,K,G,I
BEFGHIJL,B,F,I,E,H,J,G,L
BEFGHIKL,B,F,K,E,H,L,G,I
BEFGHJKL,B,F,K,E,H,L,G,J
BEFGIJKL,B,F,K,E,I,L,G,J
BEFHIJKL,B,F,H,E,J,K,L,I
BEGHIJKL,B,G,H,E,J,K,L,I
BFGHIJKL,B,F,K,H,I,L,G,J
CDEFGHIJ,C,F,H,J,E,I,G,D
CDEFGHIK,C,F,H,K,E,I,G,D
CDEFGHIL,C,F,L,E,H,I,G,D
CDEFGHJK,C,G,H,J,E,F,K,D
CDEFGHJL,C,D,L,E,H,F,G,J
CDEFGHKL,C,G,K,E,H,F,L,D
CDEFGIJK,C,F,K,J,E,I,G,D
CDEFGIJL,C,F,L,E,I,J,G,D
CDEFGIKL,C,F,K,E,I,L,G,D
CDEFGJKL,C,G,K,E,J,F,L,D
CDEFHIJK,C,F,H,I,J,E,K,D
CDEFHIJL,C,F,H,E,J,I,L,D
CDEFHIKL,C,F,H,E,K,I,L,D
CDEFHJKL,C,H,K,E,J,F,L,D
CDEFIJKL,C,F,K,E,J,I,L,D
CDEGHIJK,C,D,H,J,E,K,G,I
CDEGHIJL,C,D,I,E,H,J,G,L
CDEGHIKL,C,D,K,E,H,L,G,I
CDEGHJKL,C,G,K,E,H,J,L,D
CDEGIJKL,C,D,K,E,I,L,G,J
CDEHIJKL,C,D,H,E,J,K,L,I
CDFGHIJK,C,F,K,J,H,I,G,D
CDFGHIJL,C,F,L,H,I,J,G,D
CDFGHIKL,C,F,K,H,I,L,G,D
CDFGHJKL,C,G,K,H,J,F,L,D
CDFGIJKL,C,F,K,I,J,L,G,D
CDFHIJKL,C,F,K,H,J,I,L,D
CDGHIJKL,C,D,K,H,I,L,G,J
CEFGHIJK,C,F,H,J,E,K,G,I
CEFGHIJL,C,F,I,E,H,J,G,L
CEFGHIKL,C,F,K,E,H,L,G,I
CEFGHJKL,C,F,K,E,H,L,G,J
CEFGIJKL,C,F,K,E,I,L,G,J
CEFHIJKL,C,F,H,E,J,K,L,I
CEGHIJKL,C,G,H,E,J,K,L,I
CFGHIJKL,C,F,K,H,I,L,G,J
DEFGHIJK,D,F,H,J,E,K,G,I
DEFGHIJL,D,F,I,E,H,J,G,L
DEFGHIKL,D,F,K,E,H,L,G,I
DEFGHJKL,D,F,K,E,H,L,G,J
DEFGIJKL,D,F,K,E,I,L,G,J
DEFHIJKL,D,F,H,E,J,K,L,I
DEGHIJKL,D,G,H,E,J,K,L,I
DFGHIJKL,K,F,L,H,I,J,G,D
EFGHIJKL,F,G,H,E,J,K,L,I
